version,1.7.0
info,balls_per_over,6
info,team,Sri Lanka
info,team,West Indies
info,gender,female
info,season,2025/26
info,date,2026/02/25
info,event,Sri Lanka Women tour of West Indies
info,match_number,3
info,venue,"National Cricket Stadium, St George's, Grenada"
info,city,St George's
info,toss_winner,Sri Lanka
info,toss_decision,bat
info,player_of_match,HK Matthews
info,umpire,JM Williams
info,umpire,VG Rathi
info,reserve_umpire,M Abbott
info,tv_umpire,C La Borde
info,match_referee,Denavon Hayles
info,winner,West Indies
info,winner_wickets,6
info,player,Sri Lanka,GWHM Perera
info,player,Sri Lanka,AC Jayangani
info,player,Sri Lanka,H Madavi
info,player,Sri Lanka,RMVD Gunaratne
info,player,Sri Lanka,WK Dilhari
info,player,Sri Lanka,NND de Silva
info,player,Sri Lanka,EMKNH Senavirathna
info,player,Sri Lanka,D Vihanga
info,player,Sri Lanka,BMSM Kumari
info,player,Sri Lanka,M Madara
info,player,Sri Lanka,I Ranaweera
info,player,West Indies,HK Matthews
info,player,West Indies,Q Joseph
info,player,West Indies,SA Campbelle
info,player,West Indies,SR Taylor
info,player,West Indies,CA Henry
info,player,West Indies,DJS Dottin
info,player,West Indies,J Glasgow
info,player,West Indies,AA Alleyne
info,player,West Indies,ASS Fletcher
info,player,West Indies,A Munisar
info,player,West Indies,K Ramharack
info,registry,people,A Munisar,a811cb83
info,registry,people,AA Alleyne,4b0e3049
info,registry,people,AC Jayangani,ac56b5a7
info,registry,people,ASS Fletcher,42d9dd09
info,registry,people,BMSM Kumari,b55fb828
info,registry,people,C La Borde,32157f67
info,registry,people,CA Henry,75820733
info,registry,people,D Vihanga,49dcd12c
info,registry,people,DJS Dottin,53bee17f
info,registry,people,Denavon Hayles,5cbeeb02
info,registry,people,EMKNH Senavirathna,ec691a5b
info,registry,people,GWHM Perera,53068b45
info,registry,people,H Madavi,85021bcd
info,registry,people,HK Matthews,d32cf49a
info,registry,people,I Ranaweera,a61850e6
info,registry,people,J Glasgow,a2632c7c
info,registry,people,JM Williams,b61d9d70
info,registry,people,K Ramharack,321c980e
info,registry,people,M Abbott,3e5f0c04
info,registry,people,M Madara,ecbcfef6
info,registry,people,NND de Silva,f0b4294e
info,registry,people,Q Joseph,d6164dc0
info,registry,people,RMAU Grimmond,5215d4c3
info,registry,people,RMVD Gunaratne,9e866b59
info,registry,people,SA Campbelle,a7cd72b2
info,registry,people,SR Taylor,92cf79a8
info,registry,people,VG Rathi,144e5b16
info,registry,people,WK Dilhari,c34a15e6
ball,1,0.1,Sri Lanka,GWHM Perera,AC Jayangani,HK Matthews,0,0,,,,,,"",""
ball,1,0.2,Sri Lanka,GWHM Perera,AC Jayangani,HK Matthews,1,0,,,,,,"",""
ball,1,0.3,Sri Lanka,AC Jayangani,GWHM Perera,HK Matthews,0,0,,,,,,"",""
ball,1,0.4,Sri Lanka,AC Jayangani,GWHM Perera,HK Matthews,0,0,,,,,,lbw,AC Jayangani
ball,1,0.5,Sri Lanka,H Madavi,GWHM Perera,HK Matthews,0,0,,,,,,"",""
ball,1,0.6,Sri Lanka,H Madavi,GWHM Perera,HK Matthews,0,0,,,,,,"",""
ball,1,1.1,Sri Lanka,GWHM Perera,H Madavi,CA Henry,0,1,1,,,,,"",""
ball,1,1.2,Sri Lanka,GWHM Perera,H Madavi,CA Henry,0,0,,,,,,"",""
ball,1,1.3,Sri Lanka,GWHM Perera,H Madavi,CA Henry,1,0,,,,,,"",""
ball,1,1.4,Sri Lanka,H Madavi,GWHM Perera,CA Henry,0,0,,,,,,"",""
ball,1,1.5,Sri Lanka,H Madavi,GWHM Perera,CA Henry,1,0,,,,,,"",""
ball,1,1.6,Sri Lanka,GWHM Perera,H Madavi,CA Henry,0,0,,,,,,"",""
ball,1,1.7,Sri Lanka,GWHM Perera,H Madavi,CA Henry,0,0,,,,,,"",""
ball,1,2.1,Sri Lanka,H Madavi,GWHM Perera,HK Matthews,0,0,,,,,,"",""
ball,1,2.2,Sri Lanka,H Madavi,GWHM Perera,HK Matthews,0,0,,,,,,"",""
ball,1,2.3,Sri Lanka,H Madavi,GWHM Perera,HK Matthews,0,0,,,,,,"",""
ball,1,2.4,Sri Lanka,H Madavi,GWHM Perera,HK Matthews,0,0,,,,,,"",""
ball,1,2.5,Sri Lanka,H Madavi,GWHM Perera,HK Matthews,0,0,,,,,,"",""
ball,1,2.6,Sri Lanka,H Madavi,GWHM Perera,HK Matthews,0,0,,,,,,"",""
ball,1,3.1,Sri Lanka,GWHM Perera,H Madavi,CA Henry,0,1,1,,,,,"",""
ball,1,3.2,Sri Lanka,GWHM Perera,H Madavi,CA Henry,0,0,,,,,,"",""
ball,1,3.3,Sri Lanka,GWHM Perera,H Madavi,CA Henry,0,0,,,,,,"",""
ball,1,3.4,Sri Lanka,GWHM Perera,H Madavi,CA Henry,4,0,,,,,,"",""
ball,1,3.5,Sri Lanka,GWHM Perera,H Madavi,CA Henry,1,0,,,,,,"",""
ball,1,3.6,Sri Lanka,H Madavi,GWHM Perera,CA Henry,2,0,,,,,,"",""
ball,1,3.7,Sri Lanka,H Madavi,GWHM Perera,CA Henry,4,0,,,,,,"",""
ball,1,4.1,Sri Lanka,GWHM Perera,H Madavi,HK Matthews,0,0,,,,,,"",""
ball,1,4.2,Sri Lanka,GWHM Perera,H Madavi,HK Matthews,0,0,,,,,,"",""
ball,1,4.3,Sri Lanka,GWHM Perera,H Madavi,HK Matthews,0,0,,,,,,"",""
ball,1,4.4,Sri Lanka,GWHM Perera,H Madavi,HK Matthews,0,0,,,,,,"",""
ball,1,4.5,Sri Lanka,GWHM Perera,H Madavi,HK Matthews,1,0,,,,,,"",""
ball,1,4.6,Sri Lanka,H Madavi,GWHM Perera,HK Matthews,0,0,,,,,,"",""
ball,1,5.1,Sri Lanka,GWHM Perera,H Madavi,CA Henry,1,0,,,,,,"",""
ball,1,5.2,Sri Lanka,H Madavi,GWHM Perera,CA Henry,1,0,,,,,,"",""
ball,1,5.3,Sri Lanka,GWHM Perera,H Madavi,CA Henry,0,0,,,,,,"",""
ball,1,5.4,Sri Lanka,GWHM Perera,H Madavi,CA Henry,4,0,,,,,,"",""
ball,1,5.5,Sri Lanka,GWHM Perera,H Madavi,CA Henry,0,0,,,,,,"",""
ball,1,5.6,Sri Lanka,GWHM Perera,H Madavi,CA Henry,0,0,,,,,,"",""
ball,1,6.1,Sri Lanka,H Madavi,GWHM Perera,HK Matthews,0,0,,,,,,"",""
ball,1,6.2,Sri Lanka,H Madavi,GWHM Perera,HK Matthews,0,0,,,,,,"",""
ball,1,6.3,Sri Lanka,H Madavi,GWHM Perera,HK Matthews,0,0,,,,,,"",""
ball,1,6.4,Sri Lanka,H Madavi,GWHM Perera,HK Matthews,0,0,,,,,,"",""
ball,1,6.5,Sri Lanka,H Madavi,GWHM Perera,HK Matthews,0,0,,,,,,"",""
ball,1,6.6,Sri Lanka,H Madavi,GWHM Perera,HK Matthews,0,0,,,,,,"",""
ball,1,7.1,Sri Lanka,GWHM Perera,H Madavi,K Ramharack,1,0,,,,,,"",""
ball,1,7.2,Sri Lanka,H Madavi,GWHM Perera,K Ramharack,1,0,,,,,,"",""
ball,1,7.3,Sri Lanka,GWHM Perera,H Madavi,K Ramharack,0,0,,,,,,"",""
ball,1,7.4,Sri Lanka,GWHM Perera,H Madavi,K Ramharack,0,0,,,,,,"",""
ball,1,7.5,Sri Lanka,GWHM Perera,H Madavi,K Ramharack,0,0,,,,,,"",""
ball,1,7.6,Sri Lanka,GWHM Perera,H Madavi,K Ramharack,4,0,,,,,,"",""
ball,1,8.1,Sri Lanka,H Madavi,GWHM Perera,HK Matthews,0,0,,,,,,"",""
ball,1,8.2,Sri Lanka,H Madavi,GWHM Perera,HK Matthews,0,0,,,,,,"",""
ball,1,8.3,Sri Lanka,H Madavi,GWHM Perera,HK Matthews,4,0,,,,,,"",""
ball,1,8.4,Sri Lanka,H Madavi,GWHM Perera,HK Matthews,0,0,,,,,,"",""
ball,1,8.5,Sri Lanka,H Madavi,GWHM Perera,HK Matthews,2,0,,,,,,"",""
ball,1,8.6,Sri Lanka,H Madavi,GWHM Perera,HK Matthews,0,0,,,,,,"",""
ball,1,9.1,Sri Lanka,GWHM Perera,H Madavi,K Ramharack,0,0,,,,,,"",""
ball,1,9.2,Sri Lanka,GWHM Perera,H Madavi,K Ramharack,4,0,,,,,,"",""
ball,1,9.3,Sri Lanka,GWHM Perera,H Madavi,K Ramharack,1,0,,,,,,"",""
ball,1,9.4,Sri Lanka,H Madavi,GWHM Perera,K Ramharack,0,0,,,,,,"",""
ball,1,9.5,Sri Lanka,H Madavi,GWHM Perera,K Ramharack,0,0,,,,,,"",""
ball,1,9.6,Sri Lanka,H Madavi,GWHM Perera,K Ramharack,0,0,,,,,,"",""
ball,1,10.1,Sri Lanka,GWHM Perera,H Madavi,HK Matthews,0,0,,,,,,"",""
ball,1,10.2,Sri Lanka,GWHM Perera,H Madavi,HK Matthews,0,0,,,,,,"",""
ball,1,10.3,Sri Lanka,GWHM Perera,H Madavi,HK Matthews,4,0,,,,,,"",""
ball,1,10.4,Sri Lanka,GWHM Perera,H Madavi,HK Matthews,0,0,,,,,,"",""
ball,1,10.5,Sri Lanka,GWHM Perera,H Madavi,HK Matthews,0,0,,,,,,"",""
ball,1,10.6,Sri Lanka,GWHM Perera,H Madavi,HK Matthews,0,0,,,,,,caught,GWHM Perera
ball,1,11.1,Sri Lanka,H Madavi,RMVD Gunaratne,K Ramharack,0,0,,,,,,"",""
ball,1,11.2,Sri Lanka,H Madavi,RMVD Gunaratne,K Ramharack,0,0,,,,,,"",""
ball,1,11.3,Sri Lanka,H Madavi,RMVD Gunaratne,K Ramharack,0,0,,,,,,"",""
ball,1,11.4,Sri Lanka,H Madavi,RMVD Gunaratne,K Ramharack,0,0,,,,,,"",""
ball,1,11.5,Sri Lanka,H Madavi,RMVD Gunaratne,K Ramharack,0,0,,,,,,"",""
ball,1,11.6,Sri Lanka,H Madavi,RMVD Gunaratne,K Ramharack,1,0,,,,,,"",""
ball,1,12.1,Sri Lanka,H Madavi,RMVD Gunaratne,HK Matthews,1,0,,,,,,"",""
ball,1,12.2,Sri Lanka,RMVD Gunaratne,H Madavi,HK Matthews,0,0,,,,,,"",""
ball,1,12.3,Sri Lanka,RMVD Gunaratne,H Madavi,HK Matthews,0,0,,,,,,"",""
ball,1,12.4,Sri Lanka,RMVD Gunaratne,H Madavi,HK Matthews,1,0,,,,,,"",""
ball,1,12.5,Sri Lanka,H Madavi,RMVD Gunaratne,HK Matthews,0,0,,,,,,"",""
ball,1,12.6,Sri Lanka,H Madavi,RMVD Gunaratne,HK Matthews,0,0,,,,,,"",""
ball,1,13.1,Sri Lanka,RMVD Gunaratne,H Madavi,K Ramharack,1,0,,,,,,"",""
ball,1,13.2,Sri Lanka,H Madavi,RMVD Gunaratne,K Ramharack,2,0,,,,,,"",""
ball,1,13.3,Sri Lanka,H Madavi,RMVD Gunaratne,K Ramharack,1,0,,,,,,"",""
ball,1,13.4,Sri Lanka,RMVD Gunaratne,H Madavi,K Ramharack,0,0,,,,,,"",""
ball,1,13.5,Sri Lanka,RMVD Gunaratne,H Madavi,K Ramharack,0,0,,,,,,"",""
ball,1,13.6,Sri Lanka,RMVD Gunaratne,H Madavi,K Ramharack,0,0,,,,,,"",""
ball,1,14.1,Sri Lanka,H Madavi,RMVD Gunaratne,HK Matthews,0,0,,,,,,"",""
ball,1,14.2,Sri Lanka,H Madavi,RMVD Gunaratne,HK Matthews,4,0,,,,,,"",""
ball,1,14.3,Sri Lanka,H Madavi,RMVD Gunaratne,HK Matthews,0,0,,,,,,"",""
ball,1,14.4,Sri Lanka,H Madavi,RMVD Gunaratne,HK Matthews,0,0,,,,,,"",""
ball,1,14.5,Sri Lanka,H Madavi,RMVD Gunaratne,HK Matthews,4,0,,,,,,"",""
ball,1,14.6,Sri Lanka,H Madavi,RMVD Gunaratne,HK Matthews,0,0,,,,,,"",""
ball,1,15.1,Sri Lanka,RMVD Gunaratne,H Madavi,K Ramharack,0,0,,,,,,"",""
ball,1,15.2,Sri Lanka,RMVD Gunaratne,H Madavi,K Ramharack,0,0,,,,,,"",""
ball,1,15.3,Sri Lanka,RMVD Gunaratne,H Madavi,K Ramharack,1,0,,,,,,"",""
ball,1,15.4,Sri Lanka,H Madavi,RMVD Gunaratne,K Ramharack,0,0,,,,,,"",""
ball,1,15.5,Sri Lanka,H Madavi,RMVD Gunaratne,K Ramharack,0,0,,,,,,"",""
ball,1,15.6,Sri Lanka,H Madavi,RMVD Gunaratne,K Ramharack,1,0,,,,,,"",""
ball,1,16.1,Sri Lanka,H Madavi,RMVD Gunaratne,ASS Fletcher,0,0,,,,,,"",""
ball,1,16.2,Sri Lanka,H Madavi,RMVD Gunaratne,ASS Fletcher,0,0,,,,,,"",""
ball,1,16.3,Sri Lanka,H Madavi,RMVD Gunaratne,ASS Fletcher,0,0,,,,,,"",""
ball,1,16.4,Sri Lanka,H Madavi,RMVD Gunaratne,ASS Fletcher,0,0,,,,,,"",""
ball,1,16.5,Sri Lanka,H Madavi,RMVD Gunaratne,ASS Fletcher,0,0,,,,,,"",""
ball,1,16.6,Sri Lanka,H Madavi,RMVD Gunaratne,ASS Fletcher,0,0,,,,,,"",""
ball,1,17.1,Sri Lanka,RMVD Gunaratne,H Madavi,A Munisar,1,0,,,,,,"",""
ball,1,17.2,Sri Lanka,H Madavi,RMVD Gunaratne,A Munisar,0,0,,,,,,"",""
ball,1,17.3,Sri Lanka,H Madavi,RMVD Gunaratne,A Munisar,0,0,,,,,,"",""
ball,1,17.4,Sri Lanka,H Madavi,RMVD Gunaratne,A Munisar,1,0,,,,,,"",""
ball,1,17.5,Sri Lanka,RMVD Gunaratne,H Madavi,A Munisar,0,0,,,,,,"",""
ball,1,17.6,Sri Lanka,RMVD Gunaratne,H Madavi,A Munisar,0,0,,,,,,"",""
ball,1,18.1,Sri Lanka,H Madavi,RMVD Gunaratne,ASS Fletcher,2,0,,,,,,"",""
ball,1,18.2,Sri Lanka,H Madavi,RMVD Gunaratne,ASS Fletcher,1,0,,,,,,"",""
ball,1,18.3,Sri Lanka,RMVD Gunaratne,H Madavi,ASS Fletcher,0,0,,,,,,"",""
ball,1,18.4,Sri Lanka,RMVD Gunaratne,H Madavi,ASS Fletcher,0,0,,,,,,"",""
ball,1,18.5,Sri Lanka,RMVD Gunaratne,H Madavi,ASS Fletcher,0,0,,,,,,"",""
ball,1,18.6,Sri Lanka,RMVD Gunaratne,H Madavi,ASS Fletcher,0,0,,,,,,"",""
ball,1,19.1,Sri Lanka,H Madavi,RMVD Gunaratne,A Munisar,2,0,,,,,,"",""
ball,1,19.2,Sri Lanka,H Madavi,RMVD Gunaratne,A Munisar,1,0,,,,,,"",""
ball,1,19.3,Sri Lanka,RMVD Gunaratne,H Madavi,A Munisar,1,0,,,,,,"",""
ball,1,19.4,Sri Lanka,H Madavi,RMVD Gunaratne,A Munisar,0,0,,,,,,"",""
ball,1,19.5,Sri Lanka,H Madavi,RMVD Gunaratne,A Munisar,0,0,,,,,,"",""
ball,1,19.6,Sri Lanka,H Madavi,RMVD Gunaratne,A Munisar,0,0,,,,,,"",""
ball,1,20.1,Sri Lanka,RMVD Gunaratne,H Madavi,ASS Fletcher,0,0,,,,,,"",""
ball,1,20.2,Sri Lanka,RMVD Gunaratne,H Madavi,ASS Fletcher,0,0,,,,,,"",""
ball,1,20.3,Sri Lanka,RMVD Gunaratne,H Madavi,ASS Fletcher,1,0,,,,,,"",""
ball,1,20.4,Sri Lanka,H Madavi,RMVD Gunaratne,ASS Fletcher,0,0,,,,,,"",""
ball,1,20.5,Sri Lanka,H Madavi,RMVD Gunaratne,ASS Fletcher,0,0,,,,,,"",""
ball,1,20.6,Sri Lanka,H Madavi,RMVD Gunaratne,ASS Fletcher,0,1,1,,,,,"",""
ball,1,20.7,Sri Lanka,H Madavi,RMVD Gunaratne,ASS Fletcher,0,0,,,,,,"",""
ball,1,21.1,Sri Lanka,RMVD Gunaratne,H Madavi,A Munisar,0,0,,,,,,"",""
ball,1,21.2,Sri Lanka,RMVD Gunaratne,H Madavi,A Munisar,0,0,,,,,,"",""
ball,1,21.3,Sri Lanka,RMVD Gunaratne,H Madavi,A Munisar,2,0,,,,,,"",""
ball,1,21.4,Sri Lanka,RMVD Gunaratne,H Madavi,A Munisar,0,0,,,,,,"",""
ball,1,21.5,Sri Lanka,RMVD Gunaratne,H Madavi,A Munisar,0,0,,,,,,"",""
ball,1,21.6,Sri Lanka,RMVD Gunaratne,H Madavi,A Munisar,0,0,,,,,,"",""
ball,1,22.1,Sri Lanka,H Madavi,RMVD Gunaratne,ASS Fletcher,0,0,,,,,,"",""
ball,1,22.2,Sri Lanka,H Madavi,RMVD Gunaratne,ASS Fletcher,0,0,,,,,,"",""
ball,1,22.3,Sri Lanka,H Madavi,RMVD Gunaratne,ASS Fletcher,2,0,,,,,,"",""
ball,1,22.4,Sri Lanka,H Madavi,RMVD Gunaratne,ASS Fletcher,4,0,,,,,,"",""
ball,1,22.5,Sri Lanka,H Madavi,RMVD Gunaratne,ASS Fletcher,0,0,,,,,,"",""
ball,1,22.6,Sri Lanka,H Madavi,RMVD Gunaratne,ASS Fletcher,1,0,,,,,,"",""
ball,1,23.1,Sri Lanka,H Madavi,RMVD Gunaratne,A Munisar,4,0,,,,,,"",""
ball,1,23.2,Sri Lanka,H Madavi,RMVD Gunaratne,A Munisar,2,0,,,,,,"",""
ball,1,23.3,Sri Lanka,H Madavi,RMVD Gunaratne,A Munisar,1,0,,,,,,"",""
ball,1,23.4,Sri Lanka,RMVD Gunaratne,H Madavi,A Munisar,0,0,,,,,,"",""
ball,1,23.5,Sri Lanka,RMVD Gunaratne,H Madavi,A Munisar,0,0,,,,,,"",""
ball,1,23.6,Sri Lanka,RMVD Gunaratne,H Madavi,A Munisar,2,0,,,,,,"",""
ball,1,24.1,Sri Lanka,H Madavi,RMVD Gunaratne,ASS Fletcher,0,0,,,,,,"",""
ball,1,24.2,Sri Lanka,H Madavi,RMVD Gunaratne,ASS Fletcher,2,0,,,,,,"",""
ball,1,24.3,Sri Lanka,H Madavi,RMVD Gunaratne,ASS Fletcher,1,0,,,,,,"",""
ball,1,24.4,Sri Lanka,RMVD Gunaratne,H Madavi,ASS Fletcher,0,0,,,,,,"",""
ball,1,24.5,Sri Lanka,RMVD Gunaratne,H Madavi,ASS Fletcher,0,0,,,,,,"",""
ball,1,24.6,Sri Lanka,RMVD Gunaratne,H Madavi,ASS Fletcher,1,0,,,,,,"",""
ball,1,25.1,Sri Lanka,RMVD Gunaratne,H Madavi,AA Alleyne,2,0,,,,,,"",""
ball,1,25.2,Sri Lanka,RMVD Gunaratne,H Madavi,AA Alleyne,1,0,,,,,,"",""
ball,1,25.3,Sri Lanka,H Madavi,RMVD Gunaratne,AA Alleyne,1,0,,,,,,"",""
ball,1,25.4,Sri Lanka,RMVD Gunaratne,H Madavi,AA Alleyne,1,0,,,,,,"",""
ball,1,25.5,Sri Lanka,H Madavi,RMVD Gunaratne,AA Alleyne,0,0,,,,,,"",""
ball,1,25.6,Sri Lanka,H Madavi,RMVD Gunaratne,AA Alleyne,0,1,,1,,,,"",""
ball,1,25.7,Sri Lanka,H Madavi,RMVD Gunaratne,AA Alleyne,0,0,,,,,,"",""
ball,1,26.1,Sri Lanka,RMVD Gunaratne,H Madavi,ASS Fletcher,0,0,,,,,,"",""
ball,1,26.2,Sri Lanka,RMVD Gunaratne,H Madavi,ASS Fletcher,1,0,,,,,,"",""
ball,1,26.3,Sri Lanka,H Madavi,RMVD Gunaratne,ASS Fletcher,2,0,,,,,,"",""
ball,1,26.4,Sri Lanka,H Madavi,RMVD Gunaratne,ASS Fletcher,0,0,,,,,,"",""
ball,1,26.5,Sri Lanka,H Madavi,RMVD Gunaratne,ASS Fletcher,0,0,,,,,,"",""
ball,1,26.6,Sri Lanka,H Madavi,RMVD Gunaratne,ASS Fletcher,1,0,,,,,,"",""
ball,1,27.1,Sri Lanka,H Madavi,RMVD Gunaratne,AA Alleyne,0,0,,,,,,"",""
ball,1,27.2,Sri Lanka,H Madavi,RMVD Gunaratne,AA Alleyne,4,0,,,,,,"",""
ball,1,27.3,Sri Lanka,H Madavi,RMVD Gunaratne,AA Alleyne,0,0,,,,,,"",""
ball,1,27.4,Sri Lanka,H Madavi,RMVD Gunaratne,AA Alleyne,0,0,,,,,,"",""
ball,1,27.5,Sri Lanka,H Madavi,RMVD Gunaratne,AA Alleyne,0,0,,,,,,"",""
ball,1,27.6,Sri Lanka,H Madavi,RMVD Gunaratne,AA Alleyne,1,0,,,,,,"",""
ball,1,28.1,Sri Lanka,H Madavi,RMVD Gunaratne,K Ramharack,0,0,,,,,,"",""
ball,1,28.2,Sri Lanka,H Madavi,RMVD Gunaratne,K Ramharack,0,0,,,,,,"",""
ball,1,28.3,Sri Lanka,H Madavi,RMVD Gunaratne,K Ramharack,1,0,,,,,,"",""
ball,1,28.4,Sri Lanka,RMVD Gunaratne,H Madavi,K Ramharack,2,0,,,,,,"",""
ball,1,28.5,Sri Lanka,RMVD Gunaratne,H Madavi,K Ramharack,0,0,,,,,,"",""
ball,1,28.6,Sri Lanka,RMVD Gunaratne,H Madavi,K Ramharack,4,0,,,,,,"",""
ball,1,29.1,Sri Lanka,H Madavi,RMVD Gunaratne,A Munisar,0,0,,,,,,"",""
ball,1,29.2,Sri Lanka,H Madavi,RMVD Gunaratne,A Munisar,0,0,,,,,,"",""
ball,1,29.3,Sri Lanka,H Madavi,RMVD Gunaratne,A Munisar,1,0,,,,,,"",""
ball,1,29.4,Sri Lanka,RMVD Gunaratne,H Madavi,A Munisar,2,0,,,,,,"",""
ball,1,29.5,Sri Lanka,RMVD Gunaratne,H Madavi,A Munisar,0,0,,,,,,"",""
ball,1,29.6,Sri Lanka,RMVD Gunaratne,H Madavi,A Munisar,1,0,,,,,,"",""
ball,1,30.1,Sri Lanka,RMVD Gunaratne,H Madavi,K Ramharack,1,0,,,,,,"",""
ball,1,30.2,Sri Lanka,H Madavi,RMVD Gunaratne,K Ramharack,1,0,,,,,,"",""
ball,1,30.3,Sri Lanka,RMVD Gunaratne,H Madavi,K Ramharack,0,0,,,,,,caught,RMVD Gunaratne
ball,1,30.4,Sri Lanka,WK Dilhari,H Madavi,K Ramharack,0,0,,,,,,"",""
ball,1,30.5,Sri Lanka,WK Dilhari,H Madavi,K Ramharack,0,0,,,,,,"",""
ball,1,30.6,Sri Lanka,WK Dilhari,H Madavi,K Ramharack,0,0,,,,,,"",""
ball,1,31.1,Sri Lanka,H Madavi,WK Dilhari,A Munisar,1,0,,,,,,"",""
ball,1,31.2,Sri Lanka,WK Dilhari,H Madavi,A Munisar,0,0,,,,,,"",""
ball,1,31.3,Sri Lanka,WK Dilhari,H Madavi,A Munisar,1,0,,,,,,"",""
ball,1,31.4,Sri Lanka,H Madavi,WK Dilhari,A Munisar,0,0,,,,,,"",""
ball,1,31.5,Sri Lanka,H Madavi,WK Dilhari,A Munisar,1,0,,,,,,"",""
ball,1,31.6,Sri Lanka,WK Dilhari,H Madavi,A Munisar,0,0,,,,,,"",""
ball,1,32.1,Sri Lanka,H Madavi,WK Dilhari,K Ramharack,1,0,,,,,,"",""
ball,1,32.2,Sri Lanka,WK Dilhari,H Madavi,K Ramharack,1,0,,,,,,"",""
ball,1,32.3,Sri Lanka,H Madavi,WK Dilhari,K Ramharack,1,0,,,,,,"",""
ball,1,32.4,Sri Lanka,WK Dilhari,H Madavi,K Ramharack,0,0,,,,,,"",""
ball,1,32.5,Sri Lanka,WK Dilhari,H Madavi,K Ramharack,0,0,,,,,,"",""
ball,1,32.6,Sri Lanka,WK Dilhari,H Madavi,K Ramharack,2,0,,,,,,"",""
ball,1,33.1,Sri Lanka,H Madavi,WK Dilhari,A Munisar,0,0,,,,,,"",""
ball,1,33.2,Sri Lanka,H Madavi,WK Dilhari,A Munisar,0,0,,,,,,"",""
ball,1,33.3,Sri Lanka,H Madavi,WK Dilhari,A Munisar,0,0,,,,,,"",""
ball,1,33.4,Sri Lanka,H Madavi,WK Dilhari,A Munisar,1,0,,,,,,"",""
ball,1,33.5,Sri Lanka,WK Dilhari,H Madavi,A Munisar,2,0,,,,,,"",""
ball,1,33.6,Sri Lanka,WK Dilhari,H Madavi,A Munisar,0,0,,,,,,"",""
ball,1,34.1,Sri Lanka,H Madavi,WK Dilhari,K Ramharack,0,0,,,,,,caught,H Madavi
ball,1,34.2,Sri Lanka,NND de Silva,WK Dilhari,K Ramharack,2,0,,,,,,"",""
ball,1,34.3,Sri Lanka,NND de Silva,WK Dilhari,K Ramharack,0,0,,,,,,"",""
ball,1,34.4,Sri Lanka,NND de Silva,WK Dilhari,K Ramharack,0,0,,,,,,"",""
ball,1,34.5,Sri Lanka,NND de Silva,WK Dilhari,K Ramharack,0,0,,,,,,"",""
ball,1,34.6,Sri Lanka,NND de Silva,WK Dilhari,K Ramharack,2,0,,,,,,"",""
ball,1,35.1,Sri Lanka,WK Dilhari,NND de Silva,ASS Fletcher,4,0,,,,,,"",""
ball,1,35.2,Sri Lanka,WK Dilhari,NND de Silva,ASS Fletcher,0,0,,,,,,"",""
ball,1,35.3,Sri Lanka,WK Dilhari,NND de Silva,ASS Fletcher,1,0,,,,,,"",""
ball,1,35.4,Sri Lanka,NND de Silva,WK Dilhari,ASS Fletcher,0,0,,,,,,"",""
ball,1,35.5,Sri Lanka,NND de Silva,WK Dilhari,ASS Fletcher,2,0,,,,,,"",""
ball,1,35.6,Sri Lanka,NND de Silva,WK Dilhari,ASS Fletcher,0,0,,,,,,"",""
ball,1,36.1,Sri Lanka,WK Dilhari,NND de Silva,K Ramharack,0,0,,,,,,"",""
ball,1,36.2,Sri Lanka,WK Dilhari,NND de Silva,K Ramharack,0,0,,,,,,"",""
ball,1,36.3,Sri Lanka,WK Dilhari,NND de Silva,K Ramharack,2,0,,,,,,"",""
ball,1,36.4,Sri Lanka,WK Dilhari,NND de Silva,K Ramharack,0,0,,,,,,"",""
ball,1,36.5,Sri Lanka,WK Dilhari,NND de Silva,K Ramharack,0,0,,,,,,"",""
ball,1,36.6,Sri Lanka,WK Dilhari,NND de Silva,K Ramharack,1,0,,,,,,"",""
ball,1,37.1,Sri Lanka,WK Dilhari,NND de Silva,HK Matthews,1,0,,,,,,"",""
ball,1,37.2,Sri Lanka,NND de Silva,WK Dilhari,HK Matthews,4,0,,,,,,"",""
ball,1,37.3,Sri Lanka,NND de Silva,WK Dilhari,HK Matthews,1,0,,,,,,"",""
ball,1,37.4,Sri Lanka,WK Dilhari,NND de Silva,HK Matthews,0,0,,,,,,"",""
ball,1,37.5,Sri Lanka,WK Dilhari,NND de Silva,HK Matthews,1,0,,,,,,"",""
ball,1,37.6,Sri Lanka,NND de Silva,WK Dilhari,HK Matthews,0,0,,,,,,"",""
ball,1,38.1,Sri Lanka,WK Dilhari,NND de Silva,ASS Fletcher,1,0,,,,,,"",""
ball,1,38.2,Sri Lanka,NND de Silva,WK Dilhari,ASS Fletcher,1,0,,,,,,"",""
ball,1,38.3,Sri Lanka,WK Dilhari,NND de Silva,ASS Fletcher,1,0,,,,,,"",""
ball,1,38.4,Sri Lanka,NND de Silva,WK Dilhari,ASS Fletcher,0,1,1,,,,,"",""
ball,1,38.5,Sri Lanka,NND de Silva,WK Dilhari,ASS Fletcher,0,0,,,,,,"",""
ball,1,38.6,Sri Lanka,NND de Silva,WK Dilhari,ASS Fletcher,1,0,,,,,,"",""
ball,1,38.7,Sri Lanka,WK Dilhari,NND de Silva,ASS Fletcher,0,0,,,,,,"",""
ball,1,39.1,Sri Lanka,NND de Silva,WK Dilhari,A Munisar,1,0,,,,,,"",""
ball,1,39.2,Sri Lanka,WK Dilhari,NND de Silva,A Munisar,1,0,,,,,,"",""
ball,1,39.3,Sri Lanka,NND de Silva,WK Dilhari,A Munisar,0,0,,,,,,lbw,NND de Silva
ball,1,39.4,Sri Lanka,EMKNH Senavirathna,WK Dilhari,A Munisar,0,0,,,,,,"",""
ball,1,39.5,Sri Lanka,EMKNH Senavirathna,WK Dilhari,A Munisar,0,0,,,,,,"",""
ball,1,39.6,Sri Lanka,EMKNH Senavirathna,WK Dilhari,A Munisar,0,0,,,,,,"",""
ball,1,40.1,Sri Lanka,WK Dilhari,EMKNH Senavirathna,ASS Fletcher,0,0,,,,,,"",""
ball,1,40.2,Sri Lanka,WK Dilhari,EMKNH Senavirathna,ASS Fletcher,0,1,1,,,,,"",""
ball,1,40.3,Sri Lanka,WK Dilhari,EMKNH Senavirathna,ASS Fletcher,1,0,,,,,,"",""
ball,1,40.4,Sri Lanka,EMKNH Senavirathna,WK Dilhari,ASS Fletcher,2,0,,,,,,"",""
ball,1,40.5,Sri Lanka,EMKNH Senavirathna,WK Dilhari,ASS Fletcher,0,0,,,,,,"",""
ball,1,40.6,Sri Lanka,EMKNH Senavirathna,WK Dilhari,ASS Fletcher,0,0,,,,,,"",""
ball,1,40.7,Sri Lanka,EMKNH Senavirathna,WK Dilhari,ASS Fletcher,0,0,,,,,,"",""
ball,1,41.1,Sri Lanka,WK Dilhari,EMKNH Senavirathna,A Munisar,0,0,,,,,,"",""
ball,1,41.2,Sri Lanka,WK Dilhari,EMKNH Senavirathna,A Munisar,4,0,,,,,,"",""
ball,1,41.3,Sri Lanka,WK Dilhari,EMKNH Senavirathna,A Munisar,1,0,,,,,,"",""
ball,1,41.4,Sri Lanka,EMKNH Senavirathna,WK Dilhari,A Munisar,0,1,1,,,,,"",""
ball,1,41.5,Sri Lanka,EMKNH Senavirathna,WK Dilhari,A Munisar,0,0,,,,,,"",""
ball,1,41.6,Sri Lanka,EMKNH Senavirathna,WK Dilhari,A Munisar,1,0,,,,,,"",""
ball,1,41.7,Sri Lanka,WK Dilhari,EMKNH Senavirathna,A Munisar,0,0,,,,,,"",""
ball,1,42.1,Sri Lanka,EMKNH Senavirathna,WK Dilhari,ASS Fletcher,0,0,,,,,,"",""
ball,1,42.2,Sri Lanka,EMKNH Senavirathna,WK Dilhari,ASS Fletcher,2,0,,,,,,"",""
ball,1,42.3,Sri Lanka,EMKNH Senavirathna,WK Dilhari,ASS Fletcher,0,0,,,,,,caught,EMKNH Senavirathna
ball,1,42.4,Sri Lanka,D Vihanga,WK Dilhari,ASS Fletcher,0,0,,,,,,"",""
ball,1,42.5,Sri Lanka,D Vihanga,WK Dilhari,ASS Fletcher,1,0,,,,,,"",""
ball,1,42.6,Sri Lanka,WK Dilhari,D Vihanga,ASS Fletcher,0,0,,,,,,"",""
ball,1,43.1,Sri Lanka,D Vihanga,WK Dilhari,A Munisar,0,0,,,,,,"",""
ball,1,43.2,Sri Lanka,D Vihanga,WK Dilhari,A Munisar,0,0,,,,,,"",""
ball,1,43.3,Sri Lanka,D Vihanga,WK Dilhari,A Munisar,1,0,,,,,,"",""
ball,1,43.4,Sri Lanka,WK Dilhari,D Vihanga,A Munisar,0,0,,,,,,"",""
ball,1,43.5,Sri Lanka,WK Dilhari,D Vihanga,A Munisar,4,0,,,,,,"",""
ball,1,43.6,Sri Lanka,WK Dilhari,D Vihanga,A Munisar,1,0,,,,,,"",""
ball,1,44.1,Sri Lanka,WK Dilhari,D Vihanga,DJS Dottin,1,0,,,,,,"",""
ball,1,44.2,Sri Lanka,D Vihanga,WK Dilhari,DJS Dottin,0,0,,,,,,"",""
ball,1,44.3,Sri Lanka,D Vihanga,WK Dilhari,DJS Dottin,1,0,,,,,,"",""
ball,1,44.4,Sri Lanka,WK Dilhari,D Vihanga,DJS Dottin,0,0,,,,,,"",""
ball,1,44.5,Sri Lanka,WK Dilhari,D Vihanga,DJS Dottin,0,0,,,,,,"",""
ball,1,44.6,Sri Lanka,WK Dilhari,D Vihanga,DJS Dottin,0,0,,,,,,"",""
ball,1,45.1,Sri Lanka,D Vihanga,WK Dilhari,HK Matthews,1,0,,,,,,"",""
ball,1,45.2,Sri Lanka,WK Dilhari,D Vihanga,HK Matthews,1,0,,,,,,"",""
ball,1,45.3,Sri Lanka,D Vihanga,WK Dilhari,HK Matthews,1,0,,,,,,"",""
ball,1,45.4,Sri Lanka,WK Dilhari,D Vihanga,HK Matthews,0,0,,,,,,"",""
ball,1,45.5,Sri Lanka,WK Dilhari,D Vihanga,HK Matthews,1,0,,,,,,"",""
ball,1,45.6,Sri Lanka,D Vihanga,WK Dilhari,HK Matthews,0,0,,,,,,"",""
ball,1,46.1,Sri Lanka,WK Dilhari,D Vihanga,DJS Dottin,0,0,,,,,,"",""
ball,1,46.2,Sri Lanka,WK Dilhari,D Vihanga,DJS Dottin,1,0,,,,,,"",""
ball,1,46.3,Sri Lanka,D Vihanga,WK Dilhari,DJS Dottin,4,0,,,,,,"",""
ball,1,46.4,Sri Lanka,D Vihanga,WK Dilhari,DJS Dottin,0,0,,,,,,"",""
ball,1,46.5,Sri Lanka,D Vihanga,WK Dilhari,DJS Dottin,0,0,,,,,,"",""
ball,1,46.6,Sri Lanka,D Vihanga,WK Dilhari,DJS Dottin,1,0,,,,,,"",""
ball,1,47.1,Sri Lanka,D Vihanga,WK Dilhari,AA Alleyne,1,0,,,,,,"",""
ball,1,47.2,Sri Lanka,WK Dilhari,D Vihanga,AA Alleyne,1,0,,,,,,"",""
ball,1,47.3,Sri Lanka,D Vihanga,WK Dilhari,AA Alleyne,1,1,,1,,,,"",""
ball,1,47.4,Sri Lanka,WK Dilhari,D Vihanga,AA Alleyne,0,0,,,,,,"",""
ball,1,47.5,Sri Lanka,WK Dilhari,D Vihanga,AA Alleyne,1,0,,,,,,run out,D Vihanga
ball,1,47.6,Sri Lanka,WK Dilhari,BMSM Kumari,AA Alleyne,1,0,,,,,,"",""
ball,1,47.7,Sri Lanka,BMSM Kumari,WK Dilhari,AA Alleyne,1,0,,,,,,"",""
ball,1,48.1,Sri Lanka,BMSM Kumari,WK Dilhari,DJS Dottin,1,0,,,,,,"",""
ball,1,48.2,Sri Lanka,WK Dilhari,BMSM Kumari,DJS Dottin,4,0,,,,,,"",""
ball,1,48.3,Sri Lanka,WK Dilhari,BMSM Kumari,DJS Dottin,0,0,,,,,,"",""
ball,1,48.4,Sri Lanka,WK Dilhari,BMSM Kumari,DJS Dottin,0,0,,,,,,"",""
ball,1,48.5,Sri Lanka,WK Dilhari,BMSM Kumari,DJS Dottin,3,0,,,,,,"",""
ball,1,48.6,Sri Lanka,BMSM Kumari,WK Dilhari,DJS Dottin,1,0,,,,,,"",""
ball,1,49.1,Sri Lanka,BMSM Kumari,WK Dilhari,AA Alleyne,4,0,,,,,,"",""
ball,1,49.2,Sri Lanka,BMSM Kumari,WK Dilhari,AA Alleyne,1,0,,,,,,"",""
ball,1,49.3,Sri Lanka,WK Dilhari,BMSM Kumari,AA Alleyne,0,0,,,,,,"",""
ball,1,49.4,Sri Lanka,WK Dilhari,BMSM Kumari,AA Alleyne,0,1,,,,1,,"",""
ball,1,49.5,Sri Lanka,BMSM Kumari,WK Dilhari,AA Alleyne,1,0,,,,,,"",""
ball,1,49.6,Sri Lanka,WK Dilhari,BMSM Kumari,AA Alleyne,1,0,,,,,,"",""
ball,2,0.1,West Indies,HK Matthews,Q Joseph,M Madara,0,1,1,,,,,"",""
ball,2,0.2,West Indies,HK Matthews,Q Joseph,M Madara,0,0,,,,,,"",""
ball,2,0.3,West Indies,HK Matthews,Q Joseph,M Madara,0,0,,,,,,"",""
ball,2,0.4,West Indies,HK Matthews,Q Joseph,M Madara,1,0,,,,,,"",""
ball,2,0.5,West Indies,Q Joseph,HK Matthews,M Madara,1,0,,,,,,"",""
ball,2,0.6,West Indies,HK Matthews,Q Joseph,M Madara,0,0,,,,,,"",""
ball,2,0.7,West Indies,HK Matthews,Q Joseph,M Madara,0,0,,,,,,"",""
ball,2,1.1,West Indies,Q Joseph,HK Matthews,BMSM Kumari,0,0,,,,,,"",""
ball,2,1.2,West Indies,Q Joseph,HK Matthews,BMSM Kumari,1,0,,,,,,"",""
ball,2,1.3,West Indies,HK Matthews,Q Joseph,BMSM Kumari,0,0,,,,,,"",""
ball,2,1.4,West Indies,HK Matthews,Q Joseph,BMSM Kumari,0,0,,,,,,"",""
ball,2,1.5,West Indies,HK Matthews,Q Joseph,BMSM Kumari,0,0,,,,,,"",""
ball,2,1.6,West Indies,HK Matthews,Q Joseph,BMSM Kumari,0,0,,,,,,"",""
ball,2,2.1,West Indies,Q Joseph,HK Matthews,M Madara,0,0,,,,,,caught,Q Joseph
ball,2,2.2,West Indies,SA Campbelle,HK Matthews,M Madara,0,1,1,,,,,"",""
ball,2,2.3,West Indies,SA Campbelle,HK Matthews,M Madara,0,0,,,,,,"",""
ball,2,2.4,West Indies,SA Campbelle,HK Matthews,M Madara,0,0,,,,,,"",""
ball,2,2.5,West Indies,SA Campbelle,HK Matthews,M Madara,0,0,,,,,,"",""
ball,2,2.6,West Indies,SA Campbelle,HK Matthews,M Madara,0,0,,,,,,"",""
ball,2,2.7,West Indies,SA Campbelle,HK Matthews,M Madara,0,0,,,,,,"",""
ball,2,3.1,West Indies,HK Matthews,SA Campbelle,BMSM Kumari,0,0,,,,,,"",""
ball,2,3.2,West Indies,HK Matthews,SA Campbelle,BMSM Kumari,0,0,,,,,,"",""
ball,2,3.3,West Indies,HK Matthews,SA Campbelle,BMSM Kumari,4,0,,,,,,"",""
ball,2,3.4,West Indies,HK Matthews,SA Campbelle,BMSM Kumari,0,0,,,,,,"",""
ball,2,3.5,West Indies,HK Matthews,SA Campbelle,BMSM Kumari,0,1,1,,,,,"",""
ball,2,3.6,West Indies,HK Matthews,SA Campbelle,BMSM Kumari,2,0,,,,,,"",""
ball,2,3.7,West Indies,HK Matthews,SA Campbelle,BMSM Kumari,0,0,,,,,,"",""
ball,2,4.1,West Indies,SA Campbelle,HK Matthews,M Madara,0,0,,,,,,caught,SA Campbelle
ball,2,4.2,West Indies,SR Taylor,HK Matthews,M Madara,0,0,,,,,,"",""
ball,2,4.3,West Indies,SR Taylor,HK Matthews,M Madara,0,1,1,,,,,"",""
ball,2,4.4,West Indies,SR Taylor,HK Matthews,M Madara,1,0,,,,,,"",""
ball,2,4.5,West Indies,HK Matthews,SR Taylor,M Madara,4,0,,,,,,"",""
ball,2,4.6,West Indies,HK Matthews,SR Taylor,M Madara,4,0,,,,,,"",""
ball,2,4.7,West Indies,HK Matthews,SR Taylor,M Madara,0,0,,,,,,"",""
ball,2,5.1,West Indies,SR Taylor,HK Matthews,BMSM Kumari,1,0,,,,,,"",""
ball,2,5.2,West Indies,HK Matthews,SR Taylor,BMSM Kumari,4,0,,,,,,"",""
ball,2,5.3,West Indies,HK Matthews,SR Taylor,BMSM Kumari,1,0,,,,,,"",""
ball,2,5.4,West Indies,SR Taylor,HK Matthews,BMSM Kumari,0,0,,,,,,"",""
ball,2,5.5,West Indies,SR Taylor,HK Matthews,BMSM Kumari,0,0,,,,,,"",""
ball,2,5.6,West Indies,SR Taylor,HK Matthews,BMSM Kumari,1,0,,,,,,"",""
ball,2,6.1,West Indies,SR Taylor,HK Matthews,D Vihanga,0,0,,,,,,"",""
ball,2,6.2,West Indies,SR Taylor,HK Matthews,D Vihanga,1,0,,,,,,"",""
ball,2,6.3,West Indies,HK Matthews,SR Taylor,D Vihanga,0,0,,,,,,"",""
ball,2,6.4,West Indies,HK Matthews,SR Taylor,D Vihanga,0,0,,,,,,"",""
ball,2,6.5,West Indies,HK Matthews,SR Taylor,D Vihanga,0,0,,,,,,"",""
ball,2,6.6,West Indies,HK Matthews,SR Taylor,D Vihanga,0,0,,,,,,"",""
ball,2,7.1,West Indies,SR Taylor,HK Matthews,M Madara,0,0,,,,,,"",""
ball,2,7.2,West Indies,SR Taylor,HK Matthews,M Madara,0,0,,,,,,"",""
ball,2,7.3,West Indies,SR Taylor,HK Matthews,M Madara,0,0,,,,,,"",""
ball,2,7.4,West Indies,SR Taylor,HK Matthews,M Madara,0,0,,,,,,"",""
ball,2,7.5,West Indies,SR Taylor,HK Matthews,M Madara,0,0,,,,,,"",""
ball,2,7.6,West Indies,SR Taylor,HK Matthews,M Madara,1,0,,,,,,"",""
ball,2,8.1,West Indies,SR Taylor,HK Matthews,D Vihanga,3,0,,,,,,"",""
ball,2,8.2,West Indies,HK Matthews,SR Taylor,D Vihanga,0,0,,,,,,"",""
ball,2,8.3,West Indies,HK Matthews,SR Taylor,D Vihanga,4,0,,,,,,"",""
ball,2,8.4,West Indies,HK Matthews,SR Taylor,D Vihanga,0,0,,,,,,"",""
ball,2,8.5,West Indies,HK Matthews,SR Taylor,D Vihanga,0,0,,,,,,"",""
ball,2,8.6,West Indies,HK Matthews,SR Taylor,D Vihanga,4,0,,,,,,"",""
ball,2,9.1,West Indies,SR Taylor,HK Matthews,M Madara,0,1,,,,1,,"",""
ball,2,9.2,West Indies,HK Matthews,SR Taylor,M Madara,0,0,,,,,,"",""
ball,2,9.3,West Indies,HK Matthews,SR Taylor,M Madara,0,0,,,,,,"",""
ball,2,9.4,West Indies,HK Matthews,SR Taylor,M Madara,4,0,,,,,,"",""
ball,2,9.5,West Indies,HK Matthews,SR Taylor,M Madara,0,1,1,,,,,"",""
ball,2,9.6,West Indies,HK Matthews,SR Taylor,M Madara,0,0,,,,,,"",""
ball,2,9.7,West Indies,HK Matthews,SR Taylor,M Madara,0,1,1,,,,,"",""
ball,2,9.8,West Indies,HK Matthews,SR Taylor,M Madara,2,0,,,,,,"",""
ball,2,10.1,West Indies,SR Taylor,HK Matthews,D Vihanga,1,0,,,,,,"",""
ball,2,10.2,West Indies,HK Matthews,SR Taylor,D Vihanga,0,0,,,,,,"",""
ball,2,10.3,West Indies,HK Matthews,SR Taylor,D Vihanga,4,0,,,,,,"",""
ball,2,10.4,West Indies,HK Matthews,SR Taylor,D Vihanga,0,0,,,,,,"",""
ball,2,10.5,West Indies,HK Matthews,SR Taylor,D Vihanga,4,0,,,,,,"",""
ball,2,10.6,West Indies,HK Matthews,SR Taylor,D Vihanga,2,0,,,,,,"",""
ball,2,11.1,West Indies,SR Taylor,HK Matthews,BMSM Kumari,0,0,,,,,,"",""
ball,2,11.2,West Indies,SR Taylor,HK Matthews,BMSM Kumari,0,0,,,,,,"",""
ball,2,11.3,West Indies,SR Taylor,HK Matthews,BMSM Kumari,1,0,,,,,,"",""
ball,2,11.4,West Indies,HK Matthews,SR Taylor,BMSM Kumari,1,0,,,,,,"",""
ball,2,11.5,West Indies,SR Taylor,HK Matthews,BMSM Kumari,2,0,,,,,,"",""
ball,2,11.6,West Indies,SR Taylor,HK Matthews,BMSM Kumari,0,0,,,,,,"",""
ball,2,12.1,West Indies,HK Matthews,SR Taylor,I Ranaweera,1,0,,,,,,"",""
ball,2,12.2,West Indies,SR Taylor,HK Matthews,I Ranaweera,0,1,,,,1,,"",""
ball,2,12.3,West Indies,HK Matthews,SR Taylor,I Ranaweera,1,0,,,,,,"",""
ball,2,12.4,West Indies,SR Taylor,HK Matthews,I Ranaweera,0,0,,,,,,"",""
ball,2,12.5,West Indies,SR Taylor,HK Matthews,I Ranaweera,0,0,,,,,,"",""
ball,2,12.6,West Indies,SR Taylor,HK Matthews,I Ranaweera,1,0,,,,,,"",""
ball,2,13.1,West Indies,SR Taylor,HK Matthews,BMSM Kumari,0,0,,,,,,"",""
ball,2,13.2,West Indies,SR Taylor,HK Matthews,BMSM Kumari,0,0,,,,,,"",""
ball,2,13.3,West Indies,SR Taylor,HK Matthews,BMSM Kumari,1,0,,,,,,"",""
ball,2,13.4,West Indies,HK Matthews,SR Taylor,BMSM Kumari,0,0,,,,,,"",""
ball,2,13.5,West Indies,HK Matthews,SR Taylor,BMSM Kumari,1,0,,,,,,"",""
ball,2,13.6,West Indies,SR Taylor,HK Matthews,BMSM Kumari,0,0,,,,,,"",""
ball,2,14.1,West Indies,HK Matthews,SR Taylor,I Ranaweera,0,0,,,,,,"",""
ball,2,14.2,West Indies,HK Matthews,SR Taylor,I Ranaweera,1,0,,,,,,"",""
ball,2,14.3,West Indies,SR Taylor,HK Matthews,I Ranaweera,1,0,,,,,,"",""
ball,2,14.4,West Indies,HK Matthews,SR Taylor,I Ranaweera,0,0,,,,,,"",""
ball,2,14.5,West Indies,HK Matthews,SR Taylor,I Ranaweera,1,0,,,,,,"",""
ball,2,14.6,West Indies,SR Taylor,HK Matthews,I Ranaweera,0,0,,,,,,"",""
ball,2,15.1,West Indies,HK Matthews,SR Taylor,D Vihanga,0,0,,,,,,"",""
ball,2,15.2,West Indies,HK Matthews,SR Taylor,D Vihanga,0,0,,,,,,"",""
ball,2,15.3,West Indies,HK Matthews,SR Taylor,D Vihanga,0,0,,,,,,"",""
ball,2,15.4,West Indies,HK Matthews,SR Taylor,D Vihanga,0,0,,,,,,"",""
ball,2,15.5,West Indies,HK Matthews,SR Taylor,D Vihanga,0,0,,,,,,"",""
ball,2,15.6,West Indies,HK Matthews,SR Taylor,D Vihanga,6,0,,,,,,"",""
ball,2,16.1,West Indies,SR Taylor,HK Matthews,I Ranaweera,0,0,,,,,,"",""
ball,2,16.2,West Indies,SR Taylor,HK Matthews,I Ranaweera,0,0,,,,,,"",""
ball,2,16.3,West Indies,SR Taylor,HK Matthews,I Ranaweera,1,0,,,,,,"",""
ball,2,16.4,West Indies,HK Matthews,SR Taylor,I Ranaweera,4,0,,,,,,"",""
ball,2,16.5,West Indies,HK Matthews,SR Taylor,I Ranaweera,0,0,,,,,,"",""
ball,2,16.6,West Indies,HK Matthews,SR Taylor,I Ranaweera,0,0,,,,,,"",""
ball,2,17.1,West Indies,SR Taylor,HK Matthews,WK Dilhari,1,0,,,,,,"",""
ball,2,17.2,West Indies,HK Matthews,SR Taylor,WK Dilhari,0,0,,,,,,"",""
ball,2,17.3,West Indies,HK Matthews,SR Taylor,WK Dilhari,1,0,,,,,,"",""
ball,2,17.4,West Indies,SR Taylor,HK Matthews,WK Dilhari,1,0,,,,,,"",""
ball,2,17.5,West Indies,HK Matthews,SR Taylor,WK Dilhari,0,0,,,,,,"",""
ball,2,17.6,West Indies,HK Matthews,SR Taylor,WK Dilhari,0,0,,,,,,"",""
ball,2,18.1,West Indies,SR Taylor,HK Matthews,I Ranaweera,4,0,,,,,,"",""
ball,2,18.2,West Indies,SR Taylor,HK Matthews,I Ranaweera,0,0,,,,,,"",""
ball,2,18.3,West Indies,SR Taylor,HK Matthews,I Ranaweera,1,0,,,,,,"",""
ball,2,18.4,West Indies,HK Matthews,SR Taylor,I Ranaweera,1,0,,,,,,"",""
ball,2,18.5,West Indies,SR Taylor,HK Matthews,I Ranaweera,0,0,,,,,,"",""
ball,2,18.6,West Indies,SR Taylor,HK Matthews,I Ranaweera,0,0,,,,,,"",""
ball,2,19.1,West Indies,HK Matthews,SR Taylor,WK Dilhari,0,0,,,,,,"",""
ball,2,19.2,West Indies,HK Matthews,SR Taylor,WK Dilhari,0,0,,,,,,"",""
ball,2,19.3,West Indies,HK Matthews,SR Taylor,WK Dilhari,0,0,,,,,,"",""
ball,2,19.4,West Indies,HK Matthews,SR Taylor,WK Dilhari,0,0,,,,,,"",""
ball,2,19.5,West Indies,HK Matthews,SR Taylor,WK Dilhari,1,0,,,,,,"",""
ball,2,19.6,West Indies,SR Taylor,HK Matthews,WK Dilhari,1,0,,,,,,"",""
ball,2,20.1,West Indies,SR Taylor,HK Matthews,I Ranaweera,0,0,,,,,,"",""
ball,2,20.2,West Indies,SR Taylor,HK Matthews,I Ranaweera,1,0,,,,,,"",""
ball,2,20.3,West Indies,HK Matthews,SR Taylor,I Ranaweera,0,0,,,,,,"",""
ball,2,20.4,West Indies,HK Matthews,SR Taylor,I Ranaweera,1,0,,,,,,"",""
ball,2,20.5,West Indies,SR Taylor,HK Matthews,I Ranaweera,0,0,,,,,,"",""
ball,2,20.6,West Indies,SR Taylor,HK Matthews,I Ranaweera,1,0,,,,,,"",""
ball,2,21.1,West Indies,SR Taylor,HK Matthews,WK Dilhari,0,0,,,,,,"",""
ball,2,21.2,West Indies,SR Taylor,HK Matthews,WK Dilhari,0,0,,,,,,"",""
ball,2,21.3,West Indies,SR Taylor,HK Matthews,WK Dilhari,1,0,,,,,,"",""
ball,2,21.4,West Indies,HK Matthews,SR Taylor,WK Dilhari,1,0,,,,,,"",""
ball,2,21.5,West Indies,SR Taylor,HK Matthews,WK Dilhari,1,0,,,,,,"",""
ball,2,21.6,West Indies,HK Matthews,SR Taylor,WK Dilhari,1,0,,,,,,"",""
ball,2,22.1,West Indies,HK Matthews,SR Taylor,NND de Silva,0,0,,,,,,"",""
ball,2,22.2,West Indies,HK Matthews,SR Taylor,NND de Silva,2,0,,,,,,"",""
ball,2,22.3,West Indies,HK Matthews,SR Taylor,NND de Silva,1,0,,,,,,"",""
ball,2,22.4,West Indies,SR Taylor,HK Matthews,NND de Silva,1,0,,,,,,"",""
ball,2,22.5,West Indies,HK Matthews,SR Taylor,NND de Silva,1,0,,,,,,"",""
ball,2,22.6,West Indies,SR Taylor,HK Matthews,NND de Silva,1,0,,,,,,"",""
ball,2,23.1,West Indies,SR Taylor,HK Matthews,WK Dilhari,0,0,,,,,,"",""
ball,2,23.2,West Indies,SR Taylor,HK Matthews,WK Dilhari,1,0,,,,,,"",""
ball,2,23.3,West Indies,HK Matthews,SR Taylor,WK Dilhari,0,0,,,,,,"",""
ball,2,23.4,West Indies,HK Matthews,SR Taylor,WK Dilhari,0,0,,,,,,"",""
ball,2,23.5,West Indies,HK Matthews,SR Taylor,WK Dilhari,0,0,,,,,,"",""
ball,2,23.6,West Indies,HK Matthews,SR Taylor,WK Dilhari,0,0,,,,,,"",""
ball,2,24.1,West Indies,SR Taylor,HK Matthews,NND de Silva,1,0,,,,,,"",""
ball,2,24.2,West Indies,HK Matthews,SR Taylor,NND de Silva,0,0,,,,,,"",""
ball,2,24.3,West Indies,HK Matthews,SR Taylor,NND de Silva,1,0,,,,,,"",""
ball,2,24.4,West Indies,SR Taylor,HK Matthews,NND de Silva,0,0,,,,,,"",""
ball,2,24.5,West Indies,SR Taylor,HK Matthews,NND de Silva,0,0,,,,,,"",""
ball,2,24.6,West Indies,SR Taylor,HK Matthews,NND de Silva,0,0,,,,,,"",""
ball,2,25.1,West Indies,HK Matthews,SR Taylor,WK Dilhari,1,0,,,,,,"",""
ball,2,25.2,West Indies,SR Taylor,HK Matthews,WK Dilhari,0,0,,,,,,"",""
ball,2,25.3,West Indies,SR Taylor,HK Matthews,WK Dilhari,1,0,,,,,,"",""
ball,2,25.4,West Indies,HK Matthews,SR Taylor,WK Dilhari,0,0,,,,,,"",""
ball,2,25.5,West Indies,HK Matthews,SR Taylor,WK Dilhari,0,0,,,,,,"",""
ball,2,25.6,West Indies,HK Matthews,SR Taylor,WK Dilhari,1,0,,,,,,"",""
ball,2,26.1,West Indies,HK Matthews,SR Taylor,NND de Silva,1,0,,,,,,"",""
ball,2,26.2,West Indies,SR Taylor,HK Matthews,NND de Silva,0,0,,,,,,"",""
ball,2,26.3,West Indies,SR Taylor,HK Matthews,NND de Silva,0,1,,,,1,,"",""
ball,2,26.4,West Indies,HK Matthews,SR Taylor,NND de Silva,4,0,,,,,,"",""
ball,2,26.5,West Indies,HK Matthews,SR Taylor,NND de Silva,1,0,,,,,,"",""
ball,2,26.6,West Indies,SR Taylor,HK Matthews,NND de Silva,0,0,,,,,,"",""
ball,2,27.1,West Indies,HK Matthews,SR Taylor,WK Dilhari,0,0,,,,,,"",""
ball,2,27.2,West Indies,HK Matthews,SR Taylor,WK Dilhari,0,4,,,,4,,"",""
ball,2,27.3,West Indies,HK Matthews,SR Taylor,WK Dilhari,0,0,,,,,,"",""
ball,2,27.4,West Indies,HK Matthews,SR Taylor,WK Dilhari,0,0,,,,,,"",""
ball,2,27.5,West Indies,HK Matthews,SR Taylor,WK Dilhari,1,0,,,,,,"",""
ball,2,27.6,West Indies,SR Taylor,HK Matthews,WK Dilhari,1,0,,,,,,"",""
ball,2,28.1,West Indies,SR Taylor,HK Matthews,AC Jayangani,0,0,,,,,,"",""
ball,2,28.2,West Indies,SR Taylor,HK Matthews,AC Jayangani,1,0,,,,,,"",""
ball,2,28.3,West Indies,HK Matthews,SR Taylor,AC Jayangani,0,0,,,,,,"",""
ball,2,28.4,West Indies,HK Matthews,SR Taylor,AC Jayangani,1,0,,,,,,"",""
ball,2,28.5,West Indies,SR Taylor,HK Matthews,AC Jayangani,1,0,,,,,,"",""
ball,2,28.6,West Indies,HK Matthews,SR Taylor,AC Jayangani,1,0,,,,,,"",""
ball,2,29.1,West Indies,HK Matthews,SR Taylor,I Ranaweera,0,0,,,,,,"",""
ball,2,29.2,West Indies,HK Matthews,SR Taylor,I Ranaweera,0,0,,,,,,"",""
ball,2,29.3,West Indies,HK Matthews,SR Taylor,I Ranaweera,1,0,,,,,,"",""
ball,2,29.4,West Indies,SR Taylor,HK Matthews,I Ranaweera,2,0,,,,,,"",""
ball,2,29.5,West Indies,SR Taylor,HK Matthews,I Ranaweera,0,0,,,,,,caught,SR Taylor
ball,2,29.6,West Indies,CA Henry,HK Matthews,I Ranaweera,2,0,,,,,,"",""
ball,2,30.1,West Indies,HK Matthews,CA Henry,AC Jayangani,0,0,,,,,,"",""
ball,2,30.2,West Indies,HK Matthews,CA Henry,AC Jayangani,0,0,,,,,,"",""
ball,2,30.3,West Indies,HK Matthews,CA Henry,AC Jayangani,1,0,,,,,,"",""
ball,2,30.4,West Indies,CA Henry,HK Matthews,AC Jayangani,2,0,,,,,,"",""
ball,2,30.5,West Indies,CA Henry,HK Matthews,AC Jayangani,1,0,,,,,,"",""
ball,2,30.6,West Indies,HK Matthews,CA Henry,AC Jayangani,1,0,,,,,,"",""
ball,2,31.1,West Indies,HK Matthews,CA Henry,I Ranaweera,4,0,,,,,,"",""
ball,2,31.2,West Indies,HK Matthews,CA Henry,I Ranaweera,1,0,,,,,,"",""
ball,2,31.3,West Indies,CA Henry,HK Matthews,I Ranaweera,0,0,,,,,,"",""
ball,2,31.4,West Indies,CA Henry,HK Matthews,I Ranaweera,0,0,,,,,,"",""
ball,2,31.5,West Indies,CA Henry,HK Matthews,I Ranaweera,1,0,,,,,,"",""
ball,2,31.6,West Indies,HK Matthews,CA Henry,I Ranaweera,0,0,,,,,,"",""
ball,2,32.1,West Indies,CA Henry,HK Matthews,AC Jayangani,1,0,,,,,,"",""
ball,2,32.2,West Indies,HK Matthews,CA Henry,AC Jayangani,4,0,,,,,,"",""
ball,2,32.3,West Indies,HK Matthews,CA Henry,AC Jayangani,1,0,,,,,,"",""
ball,2,32.4,West Indies,CA Henry,HK Matthews,AC Jayangani,1,0,,,,,,"",""
ball,2,32.5,West Indies,HK Matthews,CA Henry,AC Jayangani,1,0,,,,,,"",""
ball,2,32.6,West Indies,CA Henry,HK Matthews,AC Jayangani,1,0,,,,,,"",""
ball,2,33.1,West Indies,CA Henry,HK Matthews,I Ranaweera,1,0,,,,,,"",""
ball,2,33.2,West Indies,HK Matthews,CA Henry,I Ranaweera,1,0,,,,,,"",""
ball,2,33.3,West Indies,CA Henry,HK Matthews,I Ranaweera,0,0,,,,,,"",""
ball,2,33.4,West Indies,CA Henry,HK Matthews,I Ranaweera,0,0,,,,,,"",""
ball,2,33.5,West Indies,CA Henry,HK Matthews,I Ranaweera,1,0,,,,,,"",""
ball,2,33.6,West Indies,HK Matthews,CA Henry,I Ranaweera,1,0,,,,,,"",""
ball,2,34.1,West Indies,HK Matthews,CA Henry,AC Jayangani,1,0,,,,,,"",""
ball,2,34.2,West Indies,CA Henry,HK Matthews,AC Jayangani,1,0,,,,,,"",""
ball,2,34.3,West Indies,HK Matthews,CA Henry,AC Jayangani,0,1,,,,1,,"",""
ball,2,34.4,West Indies,CA Henry,HK Matthews,AC Jayangani,0,0,,,,,,"",""
ball,2,34.5,West Indies,CA Henry,HK Matthews,AC Jayangani,0,0,,,,,,"",""
ball,2,34.6,West Indies,CA Henry,HK Matthews,AC Jayangani,0,0,,,,,,"",""
ball,2,35.1,West Indies,HK Matthews,CA Henry,I Ranaweera,0,0,,,,,,"",""
ball,2,35.2,West Indies,HK Matthews,CA Henry,I Ranaweera,0,0,,,,,,"",""
ball,2,35.3,West Indies,HK Matthews,CA Henry,I Ranaweera,0,0,,,,,,"",""
ball,2,35.4,West Indies,HK Matthews,CA Henry,I Ranaweera,0,0,,,,,,"",""
ball,2,35.5,West Indies,HK Matthews,CA Henry,I Ranaweera,1,0,,,,,,"",""
ball,2,35.6,West Indies,CA Henry,HK Matthews,I Ranaweera,0,1,1,,,,,"",""
ball,2,35.7,West Indies,CA Henry,HK Matthews,I Ranaweera,1,0,,,,,,"",""
ball,2,36.1,West Indies,CA Henry,HK Matthews,AC Jayangani,1,0,,,,,,"",""
ball,2,36.2,West Indies,HK Matthews,CA Henry,AC Jayangani,0,0,,,,,,caught,HK Matthews
ball,2,36.3,West Indies,DJS Dottin,CA Henry,AC Jayangani,0,5,5,,,,,"",""
ball,2,36.4,West Indies,DJS Dottin,CA Henry,AC Jayangani,1,0,,,,,,"",""
ball,2,36.5,West Indies,CA Henry,DJS Dottin,AC Jayangani,0,0,,,,,,"",""
ball,2,36.6,West Indies,CA Henry,DJS Dottin,AC Jayangani,1,0,,,,,,"",""
ball,2,36.7,West Indies,DJS Dottin,CA Henry,AC Jayangani,0,0,,,,,,"",""
ball,2,37.1,West Indies,CA Henry,DJS Dottin,I Ranaweera,1,0,,,,,,"",""
ball,2,37.2,West Indies,DJS Dottin,CA Henry,I Ranaweera,0,0,,,,,,"",""
ball,2,37.3,West Indies,DJS Dottin,CA Henry,I Ranaweera,0,0,,,,,,"",""
ball,2,37.4,West Indies,DJS Dottin,CA Henry,I Ranaweera,0,0,,,,,,"",""
ball,2,37.5,West Indies,DJS Dottin,CA Henry,I Ranaweera,0,0,,,,,,"",""
ball,2,37.6,West Indies,DJS Dottin,CA Henry,I Ranaweera,0,0,,,,,,"",""
ball,2,38.1,West Indies,CA Henry,DJS Dottin,D Vihanga,0,0,,,,,,"",""
ball,2,38.2,West Indies,CA Henry,DJS Dottin,D Vihanga,1,0,,,,,,"",""
ball,2,38.3,West Indies,DJS Dottin,CA Henry,D Vihanga,0,0,,,,,,"",""
ball,2,38.4,West Indies,DJS Dottin,CA Henry,D Vihanga,0,0,,,,,,"",""
ball,2,38.5,West Indies,DJS Dottin,CA Henry,D Vihanga,1,0,,,,,,"",""
ball,2,38.6,West Indies,CA Henry,DJS Dottin,D Vihanga,0,0,,,,,,"",""
ball,2,39.1,West Indies,DJS Dottin,CA Henry,BMSM Kumari,1,0,,,,,,"",""
ball,2,39.2,West Indies,CA Henry,DJS Dottin,BMSM Kumari,0,0,,,,,,"",""
ball,2,39.3,West Indies,CA Henry,DJS Dottin,BMSM Kumari,1,0,,,,,,"",""
ball,2,39.4,West Indies,DJS Dottin,CA Henry,BMSM Kumari,1,0,,,,,,"",""
ball,2,39.5,West Indies,CA Henry,DJS Dottin,BMSM Kumari,1,0,,,,,,"",""
ball,2,39.6,West Indies,DJS Dottin,CA Henry,BMSM Kumari,2,0,,,,,,"",""
ball,2,40.1,West Indies,CA Henry,DJS Dottin,D Vihanga,1,0,,,,,,"",""
ball,2,40.2,West Indies,DJS Dottin,CA Henry,D Vihanga,0,0,,,,,,"",""
ball,2,40.3,West Indies,DJS Dottin,CA Henry,D Vihanga,0,0,,,,,,"",""
ball,2,40.4,West Indies,DJS Dottin,CA Henry,D Vihanga,1,0,,,,,,"",""
ball,2,40.5,West Indies,CA Henry,DJS Dottin,D Vihanga,0,0,,,,,,"",""
ball,2,40.6,West Indies,CA Henry,DJS Dottin,D Vihanga,1,0,,,,,,"",""
ball,2,41.1,West Indies,CA Henry,DJS Dottin,BMSM Kumari,0,0,,,,,,"",""
ball,2,41.2,West Indies,CA Henry,DJS Dottin,BMSM Kumari,1,0,,,,,,"",""
ball,2,41.3,West Indies,DJS Dottin,CA Henry,BMSM Kumari,6,0,,,,,,"",""
ball,2,41.4,West Indies,DJS Dottin,CA Henry,BMSM Kumari,0,0,,,,,,"",""
ball,2,41.5,West Indies,DJS Dottin,CA Henry,BMSM Kumari,0,0,,,,,,"",""
ball,2,41.6,West Indies,DJS Dottin,CA Henry,BMSM Kumari,1,0,,,,,,"",""
ball,2,42.1,West Indies,DJS Dottin,CA Henry,D Vihanga,1,0,,,,,,"",""
ball,2,42.2,West Indies,CA Henry,DJS Dottin,D Vihanga,4,0,,,,,,"",""
ball,2,42.3,West Indies,CA Henry,DJS Dottin,D Vihanga,1,0,,,,,,"",""
ball,2,42.4,West Indies,DJS Dottin,CA Henry,D Vihanga,1,0,,,,,,"",""
ball,2,42.5,West Indies,CA Henry,DJS Dottin,D Vihanga,0,0,,,,,,"",""
ball,2,42.6,West Indies,CA Henry,DJS Dottin,D Vihanga,1,0,,,,,,"",""
ball,2,43.1,West Indies,CA Henry,DJS Dottin,BMSM Kumari,0,0,,,,,,"",""
ball,2,43.2,West Indies,CA Henry,DJS Dottin,BMSM Kumari,0,0,,,,,,"",""
ball,2,43.3,West Indies,CA Henry,DJS Dottin,BMSM Kumari,0,0,,,,,,"",""
ball,2,43.4,West Indies,CA Henry,DJS Dottin,BMSM Kumari,0,0,,,,,,"",""
ball,2,43.5,West Indies,CA Henry,DJS Dottin,BMSM Kumari,0,0,,,,,,"",""
ball,2,43.6,West Indies,CA Henry,DJS Dottin,BMSM Kumari,0,0,,,,,,"",""
ball,2,44.1,West Indies,DJS Dottin,CA Henry,M Madara,1,0,,,,,,"",""
ball,2,44.2,West Indies,CA Henry,DJS Dottin,M Madara,1,0,,,,,,"",""
ball,2,44.3,West Indies,DJS Dottin,CA Henry,M Madara,0,1,1,,,,,"",""
ball,2,44.4,West Indies,DJS Dottin,CA Henry,M Madara,4,0,,,,,,"",""
ball,2,44.5,West Indies,DJS Dottin,CA Henry,M Madara,1,0,,,,,,"",""
ball,2,44.6,West Indies,CA Henry,DJS Dottin,M Madara,1,0,,,,,,"",""
ball,2,44.7,West Indies,DJS Dottin,CA Henry,M Madara,0,0,,,,,,"",""
ball,2,45.1,West Indies,CA Henry,DJS Dottin,BMSM Kumari,0,0,,,,,,"",""
ball,2,45.2,West Indies,CA Henry,DJS Dottin,BMSM Kumari,1,0,,,,,,"",""
ball,2,45.3,West Indies,DJS Dottin,CA Henry,BMSM Kumari,1,0,,,,,,"",""
ball,2,45.4,West Indies,CA Henry,DJS Dottin,BMSM Kumari,1,0,,,,,,"",""
ball,2,45.5,West Indies,DJS Dottin,CA Henry,BMSM Kumari,0,0,,,,,,"",""
ball,2,45.6,West Indies,DJS Dottin,CA Henry,BMSM Kumari,1,0,,,,,,"",""
ball,2,46.1,West Indies,DJS Dottin,CA Henry,M Madara,0,1,1,,,,,"",""
